<?xml version='1.0'?>
<list>
    <option name="GLOBAL_OBJECT">
        <value>
            <option name="FOREGROUND" value="A9B7C6"/>
            <option name="FONT_TYPE" value="1"/>
        </value>
    </option>
    <option name="BLOCK_TYPE">
        <value>
            <option name="FOREGROUND" value="4C98D0"/>
        </value>
    </option>
    <option name="VARIABLE">
        <value>
            <option name="FOREGROUND" value="A9B7C6"/>
        </value>
    </option>
    <option name="PROPERTY_ACCESS">
        <value>
            <!--TODO: make it italic for object properties accessed with getter (like in Kotlin) once we have resolving-->
            <option name="FOREGROUND" value="9975AB"/>
        </value>
    </option>
    <option name="OPTION_NAME">
        <value>
            <option name="FONT_TYPE" value="2"/>
        </value>
    </option>
    <option name="TEMPLATE_IDENTIFIER">
        <value>
            <option name="FOREGROUND" value="A9B7C6"/>
            <option name="FONT_TYPE" value="2"/>
        </value>
    </option>
    <option name="USE_DECLARATION">
        <value>
            <option name="FOREGROUND" value="D4C79E"/>
        </value>
    </option>
    <option name="UNREFERENCED_IDENTIFIER">
        <value>
            <option name="FOREGROUND" value="B73E3B"/>
        </value>
    </option>
</list>
