<?xml version='1.0'?>
<list>
    <!--TODO: make expressions background grey like other tags (?)-->
    <option name="GLOBAL_OBJECT">
        <value>
            <option name="FONT_TYPE" value="1"/>
        </value>
    </option>
    <option name="BLOCK_TYPE">
        <value>
            <option name="FOREGROUND" value="7F0000"/>
        </value>
    </option>
    <option name="VARIABLE">
        <value>
            <option name="FOREGROUND" value="000000"/>
            <option name="FONT_TYPE" value="0"/><!--FIXME: variable is bold in declaration-->
        </value>
    </option>
    <option name="PROPERTY_ACCESS">
        <value>
            <option name="FOREGROUND" value="67017C"/>
            <option name="FONT_TYPE" value="1"/>
        </value>
    </option>
    <option name="OPTION_NAME">
        <value>
            <option name="FONT_TYPE" value="2"/>
        </value>
    </option>
    <option name="TEMPLATE_IDENTIFIER">
        <value>
            <option name="FOREGROUND" value="000000"/>
            <option name="FONT_TYPE" value="2"/>
        </value>
    </option>
    <option name="USE_DECLARATION">
        <value>
            <option name="FOREGROUND" value="468276"/><!--FIXME-->
        </value>
    </option>
    <option name="UNREFERENCED_IDENTIFIER">
        <value>
            <option name="FOREGROUND" value="FF0000"/>
        </value>
    </option>
</list>
